,Make,Model,Year,Mileage,Condition,Price,Condition_excellent,Condition_fair,Condition_Good,Mileage_bin
0,Ford,Silverado,2022,18107,Excellent,19094.75,True,False,False,low
1,Toyota,Silverado,2014,13578,Excellent,27321.1,True,False,False,low
2,Chevrolet,Civic,2016,46054,Good,23697.3,False,False,True,low
3,Ford,Civic,2022,34981,Excellent,18251.05,True,False,False,low
4,Chevrolet,Civic,2019,63565,Excellent,19821.85,True,False,False,medium
5,Ford,Silverado,2013,23600,Excellent,27820.0,True,False,False,low
6,Toyota,Altima,2014,11470,Excellent,27426.6,True,False,False,low
7,Chevrolet,Silverado,2015,89471,Good,22526.55,False,False,True,medium
8,Ford,Camry,2014,121298,Good,21935.1,False,False,True,high
9,Ford,Altima,2016,110691,Excellent,20465.45,True,False,False,high
10,Toyota,Altima,2019,112693,Excellent,17365.449999999997,True,False,False,high
11,Nissan,Silverado,2016,101914,Good,20904.4,False,False,True,medium
12,Toyota,Silverado,2012,79902,Excellent,26005.0,True,False,False,medium
13,Chevrolet,Silverado,2021,97489,Excellent,16125.65,True,False,False,medium
14,Toyota,F-150,2014,72976,Excellent,24351.3,True,False,False,medium
15,Ford,F-150,2022,40633,Good,17968.35,False,False,True,low
16,Chevrolet,F-150,2017,48281,Fair,22586.05,False,True,False,low
17,Nissan,Altima,2020,33054,Good,20347.4,False,False,True,low
18,Chevrolet,Camry,2010,121446,Excellent,25927.8,True,False,False,high
19,Nissan,Civic,2013,61672,Good,25916.4,False,False,True,medium
20,Ford,Silverado,2015,126395,Good,20680.35,False,False,True,high
21,Nissan,Camry,2021,119784,Excellent,15010.8,True,False,False,high
22,Chevrolet,Silverado,2014,148697,Good,20565.15,False,False,True,high
23,Nissan,Altima,2020,100665,Good,16966.65,False,False,True,medium
24,Ford,Civic,2010,66951,Excellent,28652.45,True,False,False,medium
25,Toyota,F-150,2017,65559,Excellent,21722.15,True,False,False,medium
26,Ford,Silverado,2018,69109,Excellent,20544.55,True,False,False,medium
27,Ford,Camry,2013,75631,Good,25218.55,False,False,True,medium
28,Honda,Civic,2022,34080,Excellent,18296.0,True,False,False,low
29,Honda,F-150,2011,134672,Fair,24266.5,False,True,False,high
30,Honda,F-150,2011,54295,Excellent,28285.25,True,False,False,low
31,Ford,Altima,2022,20693,Excellent,18965.45,True,False,False,low
32,Honda,Camry,2010,63740,Excellent,28813.1,True,False,False,medium
33,Toyota,Silverado,2019,117503,Good,17124.949999999997,False,False,True,high
34,Chevrolet,Camry,2017,81466,Excellent,20926.8,True,False,False,medium
35,Chevrolet,Altima,2013,106330,Excellent,23683.4,True,False,False,high
36,Chevrolet,F-150,2020,43785,Excellent,19810.75,True,False,False,low
37,Chevrolet,Silverado,2013,102118,Excellent,23894.1,True,False,False,medium
38,Nissan,Camry,2013,96202,Excellent,24189.9,True,False,False,medium
39,Chevrolet,Civic,2019,133627,Fair,16318.75,False,True,False,high
40,Toyota,Civic,2020,131994,Excellent,15400.4,True,False,False,high
41,Ford,Camry,2022,38705,Fair,18064.85,False,True,False,low
42,Toyota,Camry,2021,139945,Good,14002.85,False,False,True,high
43,Honda,Silverado,2016,69108,Fair,22544.7,False,True,False,medium
44,Nissan,F-150,2011,17149,Good,30142.65,False,False,True,low
45,Toyota,F-150,2013,53165,Fair,26341.85,False,True,False,low
46,Ford,Camry,2010,105649,Excellent,26717.55,True,False,False,high
47,Toyota,Altima,2014,72408,Good,24379.6,False,False,True,medium
48,Toyota,Civic,2014,88835,Good,23558.35,False,False,True,medium
49,Honda,Civic,2022,17332,Excellent,19133.5,True,False,False,low
50,Toyota,F-150,2010,123884,Excellent,25805.7,True,False,False,high
51,Honda,Camry,2018,40238,Excellent,21988.2,True,False,False,low
52,Toyota,Altima,2021,36817,Excellent,19159.15,True,False,False,low
53,Toyota,Altima,2017,44880,Excellent,22756.1,True,False,False,low
54,Nissan,Silverado,2016,77083,Excellent,22145.85,True,False,False,medium
55,Nissan,Altima,2011,33565,Excellent,29321.65,True,False,False,low
56,Ford,Camry,2012,36404,Excellent,28179.8,True,False,False,low
57,Toyota,Civic,2019,81972,Good,18901.5,False,False,True,medium
58,Toyota,Civic,2018,90846,Good,19457.8,False,False,True,medium
59,Ford,Camry,2015,11809,Fair,26409.65,False,True,False,low
60,Nissan,Silverado,2010,19317,Excellent,31034.15,True,False,False,low
61,Toyota,Silverado,2020,54542,Excellent,19272.9,True,False,False,low
62,Chevrolet,Camry,2019,16493,Excellent,22175.45,True,False,False,low
63,Honda,Civic,2012,99506,Excellent,25024.7,True,False,False,medium
64,Ford,Camry,2012,38647,Fair,28067.75,False,True,False,low
65,Nissan,F-150,2018,103960,Excellent,18802.1,True,False,False,high
66,Ford,F-150,2017,132338,Excellent,18383.1,True,False,False,high
67,Honda,Silverado,2014,68639,Excellent,24568.15,True,False,False,medium
68,Honda,Camry,2014,56311,Good,25184.35,False,False,True,low
69,Ford,Camry,2012,102278,Good,24886.0,False,False,True,medium
70,Ford,Altima,2015,35930,Good,25203.5,False,False,True,low
71,Toyota,Civic,2016,96869,Fair,21156.45,False,True,False,medium
72,Chevrolet,F-150,2010,87051,Good,27647.35,False,False,True,medium
73,Ford,Camry,2020,46163,Excellent,19691.75,True,False,False,low
74,Honda,F-150,2017,119991,Good,19000.55,False,False,True,high
75,Ford,Altima,2017,135196,Good,18240.3,False,False,True,high
76,Nissan,Altima,2018,23116,Excellent,22844.3,True,False,False,low
77,Chevrolet,Altima,2018,66236,Excellent,20688.2,True,False,False,medium
78,Toyota,F-150,2010,144751,Excellent,24762.45,True,False,False,high
79,Toyota,F-150,2017,101000,Excellent,19949.9,True,False,False,medium
80,Honda,Civic,2016,27511,Excellent,24624.45,True,False,False,low
81,Chevrolet,Civic,2020,14488,Excellent,21275.6,True,False,False,low
82,Nissan,Silverado,2021,105493,Excellent,15725.45,True,False,False,high
83,Nissan,Camry,2013,58378,Good,26081.2,False,False,True,medium
84,Toyota,Altima,2013,119427,Excellent,23028.65,True,False,False,high
85,Honda,Silverado,2016,119802,Excellent,20010.0,True,False,False,high
86,Toyota,Altima,2012,141113,Good,22944.45,False,False,True,high
87,Toyota,Silverado,2011,146622,Excellent,23669.0,True,False,False,high
88,Honda,Altima,2018,79364,Excellent,20031.9,True,False,False,medium
89,Chevrolet,Silverado,2015,141793,Excellent,19910.45,True,False,False,high
90,Nissan,Civic,2011,14744,Excellent,30262.9,True,False,False,low
91,Chevrolet,Silverado,2021,70347,Good,17482.550000000003,False,False,True,medium
92,Chevrolet,Civic,2011,68245,Good,27587.65,False,False,True,medium
93,Chevrolet,F-150,2017,83613,Excellent,20819.45,True,False,False,medium
94,Nissan,Altima,2018,133106,Good,17344.8,False,False,True,high
95,Toyota,F-150,2013,119617,Fair,23019.050000000003,False,True,False,high
96,Ford,F-150,2015,57207,Excellent,24139.65,True,False,False,medium
97,Nissan,Altima,2010,52477,Excellent,29376.15,True,False,False,low
98,Nissan,F-150,2020,37978,Excellent,20101.1,True,False,False,low
99,Nissan,Civic,2015,53814,Excellent,24309.4,True,False,False,low
100,Honda,Camry,2010,17346,Fair,31132.8,False,True,False,low
101,Ford,Civic,2022,44885,Excellent,17755.85,True,False,False,low
102,Nissan,F-150,2017,50778,Excellent,22461.1,True,False,False,low
103,Nissan,Silverado,2011,70039,Good,27498.15,False,False,True,medium
104,Nissan,F-150,2012,89140,Good,25543.1,False,False,True,medium
105,Toyota,Altima,2018,43774,Excellent,21811.4,True,False,False,low
106,Chevrolet,Civic,2011,22840,Excellent,29857.9,True,False,False,low
107,Ford,Altima,2011,76361,Good,27182.05,False,False,True,medium
108,Nissan,Camry,2010,82212,Good,27889.4,False,False,True,medium
109,Chevrolet,Civic,2022,113433,Excellent,14328.45,True,False,False,high
110,Toyota,Camry,2019,69114,Fair,19544.4,False,True,False,medium
111,Honda,Camry,2011,144023,Fair,23798.95,False,True,False,high
112,Honda,Camry,2017,28625,Excellent,23568.85,True,False,False,low
113,Honda,Altima,2020,108484,Excellent,16575.899999999998,True,False,False,high
114,Ford,Civic,2014,119922,Excellent,22004.0,True,False,False,high
115,Chevrolet,Altima,2010,18123,Excellent,31093.95,True,False,False,low
116,Honda,F-150,2014,46654,Good,25667.3,False,False,True,low
117,Chevrolet,F-150,2011,98362,Good,26082.0,False,False,True,medium
118,Ford,Camry,2022,74707,Good,16264.65,False,False,True,medium
119,Chevrolet,F-150,2020,75798,Excellent,18210.1,True,False,False,medium
120,Chevrolet,Civic,2020,73758,Excellent,18312.0,True,False,False,medium
121,Toyota,Silverado,2012,22391,Excellent,28880.45,True,False,False,low
122,Toyota,Camry,2021,85415,Good,16729.15,False,False,True,medium
123,Chevrolet,Altima,2021,114819,Good,15258.95,False,False,True,high
124,Toyota,Altima,2012,121983,Excellent,23900.95,True,False,False,high
125,Ford,Silverado,2011,86608,Excellent,26669.6,True,False,False,medium
126,Ford,Civic,2017,26893,Excellent,23655.45,True,False,False,low
127,Nissan,Silverado,2022,57948,Excellent,17102.699999999997,True,False,False,medium
128,Toyota,Camry,2019,116033,Excellent,17198.449999999997,True,False,False,high
129,Ford,Altima,2022,57614,Good,17119.399999999998,False,False,True,medium
130,Nissan,F-150,2011,94477,Excellent,26276.15,True,False,False,medium
131,Honda,Silverado,2016,79418,Excellent,22029.2,True,False,False,medium
132,Toyota,F-150,2017,117603,Good,19119.95,False,False,True,high
133,Nissan,Silverado,2012,56035,Fair,27198.35,False,True,False,low
134,Nissan,Civic,2020,31617,Excellent,20419.25,True,False,False,low
135,Honda,Camry,2010,111314,Good,26434.4,False,False,True,high
136,Nissan,Camry,2015,93694,Good,22315.4,False,False,True,medium
137,Chevrolet,Altima,2020,97649,Excellent,17117.649999999998,True,False,False,medium
138,Chevrolet,Altima,2010,143341,Good,24832.85,False,False,True,high
139,Honda,F-150,2020,49271,Good,19536.45,False,False,True,low
140,Toyota,F-150,2019,78634,Excellent,19068.3,True,False,False,medium
141,Nissan,Silverado,2011,77599,Good,27120.15,False,False,True,medium
142,Toyota,Altima,2022,110727,Fair,14463.65,False,True,False,high
143,Ford,Camry,2016,113300,Excellent,20335.0,True,False,False,high
144,Toyota,Civic,2018,66884,Excellent,20655.9,True,False,False,medium
145,Nissan,Altima,2012,23004,Good,28849.8,False,False,True,low
146,Nissan,Altima,2013,39951,Excellent,27002.55,True,False,False,low
147,Ford,Silverado,2018,130659,Excellent,17467.05,True,False,False,high
148,Ford,Silverado,2015,127075,Excellent,20646.15,True,False,False,high
149,Ford,F-150,2020,20087,Excellent,20995.75,True,False,False,low
150,Toyota,Civic,2017,67872,Excellent,21606.4,True,False,False,medium
151,Nissan,Altima,2020,11995,Excellent,21400.35,True,False,False,low
152,Ford,F-150,2022,144488,Excellent,12775.7,True,False,False,high
153,Ford,Silverado,2012,80614,Fair,25969.4,False,True,False,medium
154,Ford,Civic,2021,11008,Excellent,20449.7,True,False,False,low
155,Chevrolet,Altima,2013,126240,Excellent,22688.1,True,False,False,high
156,Nissan,Camry,2010,44176,Excellent,29791.3,True,False,False,low
157,Ford,Silverado,2011,61439,Excellent,27928.15,True,False,False,medium
158,Chevrolet,Camry,2022,33301,Excellent,18335.05,True,False,False,low
159,Nissan,Civic,2015,22701,Good,25864.95,False,False,True,low
160,Nissan,Camry,2019,88786,Excellent,18560.8,True,False,False,medium
161,Honda,Silverado,2013,131297,Excellent,22435.15,True,False,False,high
162,Chevrolet,F-150,2010,127915,Excellent,25604.35,True,False,False,high
163,Toyota,Camry,2010,89811,Fair,27509.55,False,True,False,medium
164,Chevrolet,F-150,2016,26015,Good,24699.35,False,False,True,low
165,Toyota,Silverado,2019,60439,Excellent,19978.05,True,False,False,medium
166,Ford,Civic,2018,62889,Good,20855.55,False,False,True,medium
167,Chevrolet,Civic,2014,15780,Excellent,27211.1,True,False,False,low
168,Honda,Silverado,2021,119069,Excellent,15046.65,True,False,False,high
169,Chevrolet,Silverado,2016,49785,Excellent,23510.85,True,False,False,low
170,Nissan,Camry,2011,29605,Fair,29519.85,False,True,False,low
171,Nissan,Silverado,2011,118725,Excellent,25063.85,True,False,False,high
172,Chevrolet,F-150,2013,29419,Excellent,27529.15,True,False,False,low
173,Nissan,Silverado,2018,137243,Fair,17137.949999999997,False,True,False,high
174,Ford,Civic,2015,94655,Good,22267.25,False,False,True,medium
175,Ford,F-150,2021,77019,Excellent,17148.95,True,False,False,medium
176,Chevrolet,F-150,2010,63956,Good,28802.3,False,False,True,medium
177,Honda,Civic,2019,49430,Excellent,20528.5,True,False,False,low
178,Nissan,Civic,2019,88161,Excellent,18591.95,True,False,False,medium
179,Honda,Silverado,2021,96829,Excellent,16158.65,True,False,False,medium
180,Honda,F-150,2022,59978,Fair,17001.199999999997,False,True,False,medium
181,Ford,Silverado,2016,13887,Good,25305.65,False,False,True,low
182,Honda,Civic,2010,29471,Excellent,30526.55,True,False,False,low
183,Honda,F-150,2019,72274,Excellent,19386.4,True,False,False,medium
184,Ford,Civic,2020,107666,Fair,16616.8,False,True,False,high
185,Toyota,Civic,2015,127814,Excellent,20609.4,True,False,False,high
186,Toyota,F-150,2020,44070,Excellent,19796.6,True,False,False,low
187,Toyota,F-150,2010,111984,Excellent,26400.9,True,False,False,high
188,Nissan,Civic,2016,64951,Excellent,22752.55,True,False,False,medium
189,Chevrolet,Altima,2015,10380,Excellent,26481.1,True,False,False,low
190,Toyota,Civic,2016,14614,Excellent,25269.4,True,False,False,low
191,Chevrolet,Civic,2018,48931,Excellent,21553.55,True,False,False,low
192,Toyota,F-150,2012,129019,Excellent,23549.05,True,False,False,high
193,Toyota,Silverado,2013,127266,Good,22636.8,False,False,True,high
194,Nissan,F-150,2016,48764,Good,23561.9,False,False,True,low
195,Toyota,Altima,2016,137717,Good,19114.25,False,False,True,high
196,Toyota,F-150,2015,116517,Good,21174.25,False,False,True,high
197,Honda,Altima,2020,35657,Fair,20217.25,False,True,False,low
198,Nissan,F-150,2016,99491,Excellent,21025.55,True,False,False,medium
199,Ford,F-150,2019,126402,Excellent,16680.0,True,False,False,high
200,Nissan,Altima,2011,149343,Excellent,23532.75,True,False,False,high
201,Honda,Altima,2014,101720,Excellent,22914.0,True,False,False,medium
202,Toyota,Camry,2015,24020,Excellent,25799.1,True,False,False,low
203,Chevrolet,Civic,2020,116223,Excellent,16188.95,True,False,False,high
204,Ford,Silverado,2019,131090,Excellent,16445.5,True,False,False,high
205,Chevrolet,Altima,2022,14891,Fair,19255.55,False,True,False,low
206,Ford,F-150,2016,44978,Excellent,23751.2,True,False,False,low
207,Nissan,Civic,2019,27588,Good,21620.7,False,False,True,low
208,Honda,Silverado,2014,18854,Good,27057.3,False,False,True,low
209,Nissan,Camry,2019,63399,Excellent,19830.15,True,False,False,medium
210,Chevrolet,F-150,2011,128100,Excellent,24595.1,True,False,False,high
211,Honda,F-150,2014,145225,Excellent,20738.75,True,False,False,high
212,Toyota,Camry,2011,144456,Excellent,23777.1,True,False,False,high
213,Ford,Civic,2011,10079,Excellent,30496.15,True,False,False,low
214,Nissan,Camry,2015,98839,Excellent,22058.15,True,False,False,medium
215,Ford,F-150,2011,128863,Fair,24556.95,False,True,False,high
216,Toyota,Camry,2021,144496,Excellent,13775.2,True,False,False,high
217,Toyota,Camry,2014,148505,Good,20574.75,False,False,True,high
218,Ford,F-150,2019,122685,Excellent,16865.75,True,False,False,high
219,Chevrolet,Camry,2019,106227,Good,17688.65,False,False,True,high
220,Chevrolet,Civic,2011,30366,Fair,29481.7,False,True,False,low
221,Chevrolet,Altima,2022,139004,Fair,13049.8,False,True,False,high
222,Ford,Altima,2017,109535,Excellent,19523.25,True,False,False,high
223,Toyota,Altima,2021,136052,Fair,14197.5,False,True,False,high
224,Ford,Camry,2017,71493,Excellent,21425.45,True,False,False,medium
225,Ford,F-150,2013,64742,Excellent,25763.0,True,False,False,medium
226,Nissan,Camry,2013,29720,Excellent,27514.0,True,False,False,low
227,Nissan,Camry,2019,38797,Excellent,21060.25,True,False,False,low
228,Toyota,Altima,2015,76373,Excellent,23181.35,True,False,False,medium
229,Honda,Altima,2017,22255,Excellent,23887.35,True,False,False,low
230,Toyota,F-150,2016,15027,Good,25248.75,False,False,True,low
231,Toyota,Civic,2019,44445,Good,20777.85,False,False,True,low
232,Honda,Silverado,2020,105729,Excellent,16713.649999999998,True,False,False,high
233,Ford,Altima,2011,10786,Excellent,30460.8,True,False,False,low
234,Chevrolet,Altima,2021,128974,Excellent,14551.3,True,False,False,high
235,Toyota,Civic,2022,139651,Excellent,13017.55,True,False,False,high
236,Chevrolet,Silverado,2011,79307,Good,27034.65,False,False,True,medium
237,Nissan,Camry,2014,74491,Excellent,24275.55,True,False,False,medium
238,Honda,Altima,2012,105128,Good,24743.7,False,False,True,high
239,Nissan,F-150,2013,49149,Good,26542.65,False,False,True,low
240,Ford,Camry,2015,97393,Excellent,22130.45,True,False,False,medium
241,Chevrolet,Altima,2021,51669,Excellent,18416.65,True,False,False,low
242,Toyota,Altima,2012,145731,Excellent,22713.45,True,False,False,high
243,Nissan,Camry,2012,31349,Excellent,28432.65,True,False,False,low
244,Honda,Silverado,2020,59912,Good,19004.5,False,False,True,medium
245,Ford,F-150,2013,42090,Good,26895.6,False,False,True,low
246,Nissan,F-150,2015,57147,Excellent,24142.75,True,False,False,medium
247,Nissan,Altima,2017,56782,Good,22160.9,False,False,True,medium
248,Nissan,Silverado,2014,14405,Excellent,27279.85,True,False,False,low
249,Ford,Civic,2011,144382,Excellent,23781.0,True,False,False,high
250,Ford,Civic,2019,98392,Good,18080.4,False,False,True,medium
251,Ford,Civic,2021,78264,Fair,17086.8,False,True,False,medium
252,Chevrolet,Civic,2019,63972,Excellent,19801.5,True,False,False,medium
253,Nissan,Silverado,2020,94694,Excellent,17265.399999999998,True,False,False,medium
254,Honda,Camry,2010,104044,Excellent,26797.8,True,False,False,high
255,Nissan,Altima,2019,12555,Good,22372.15,False,False,True,low
256,Ford,Altima,2021,123549,Excellent,14822.65,True,False,False,high
257,Nissan,Civic,2021,57139,Good,18143.15,False,False,True,medium
258,Toyota,Silverado,2015,17004,Good,26149.9,False,False,True,low
259,Chevrolet,Altima,2014,73885,Excellent,24305.85,True,False,False,medium
260,Toyota,Silverado,2012,93543,Excellent,25322.95,True,False,False,medium
261,Toyota,Silverado,2018,96735,Excellent,19163.35,True,False,False,medium
262,Toyota,Altima,2017,105618,Good,19719.2,False,False,True,high
263,Chevrolet,Camry,2011,65729,Good,27713.55,False,False,True,medium
264,Ford,Camry,2016,99676,Excellent,21016.3,True,False,False,medium
265,Chevrolet,Camry,2018,147651,Excellent,16617.45,True,False,False,high
266,Honda,F-150,2013,135326,Good,22233.8,False,False,True,high
267,Nissan,F-150,2010,50011,Good,29499.45,False,False,True,low
268,Ford,Altima,2015,31804,Excellent,25409.9,True,False,False,low
269,Nissan,F-150,2015,103452,Excellent,21827.5,True,False,False,high
270,Nissan,Silverado,2018,81973,Fair,19901.35,False,True,False,medium
271,Ford,Civic,2020,68319,Excellent,18584.15,True,False,False,medium
272,Ford,Civic,2010,51796,Fair,29410.3,False,True,False,low
273,Toyota,Silverado,2011,73851,Good,27307.55,False,False,True,medium
274,Toyota,Silverado,2022,56697,Good,17165.25,False,False,True,medium
275,Nissan,Silverado,2016,11305,Good,25434.75,False,False,True,low
276,Honda,Civic,2011,117131,Good,25143.45,False,False,True,high
277,Honda,Silverado,2015,48441,Good,24577.95,False,False,True,low
278,Honda,Silverado,2013,26857,Good,27657.15,False,False,True,low
279,Toyota,Silverado,2015,133560,Excellent,20322.1,True,False,False,high
280,Honda,Civic,2015,143862,Excellent,19806.9,True,False,False,high
281,Nissan,Silverado,2011,137159,Fair,24142.15,False,True,False,high
282,Nissan,Camry,2015,69944,Good,23502.7,False,False,True,medium
283,Nissan,Altima,2013,78616,Good,25069.3,False,False,True,medium
284,Honda,Camry,2011,98208,Fair,26089.5,False,True,False,medium
285,Honda,Altima,2014,67624,Excellent,24618.7,True,False,False,medium
286,Nissan,Civic,2021,106793,Excellent,15660.45,True,False,False,high
287,Nissan,Silverado,2014,39631,Excellent,26018.55,True,False,False,low
288,Chevrolet,Silverado,2016,116407,Good,20179.75,False,False,True,high
289,Nissan,F-150,2010,48764,Good,29561.9,False,False,True,low
290,Ford,Camry,2014,128951,Good,21552.55,False,False,True,high
291,Toyota,Civic,2021,12202,Excellent,20390.0,True,False,False,low
292,Honda,Silverado,2021,29624,Excellent,19518.9,True,False,False,low
293,Ford,Altima,2011,122440,Fair,24878.1,False,True,False,high
294,Chevrolet,Camry,2012,47357,Excellent,27632.15,True,False,False,low
295,Honda,Camry,2015,97155,Fair,22142.35,False,True,False,medium
296,Chevrolet,Camry,2019,47483,Excellent,20625.95,True,False,False,low
297,Honda,Civic,2016,118154,Good,20092.3,False,False,True,high
298,Toyota,Altima,2021,129563,Excellent,14521.85,True,False,False,high
299,Honda,F-150,2013,107377,Good,23631.15,False,False,True,high
300,Ford,Silverado,2017,93016,Good,20349.2,False,False,True,medium
301,Nissan,Civic,2021,117283,Excellent,15135.95,True,False,False,high
302,Honda,Altima,2019,17700,Excellent,22115.1,True,False,False,low
303,Ford,Civic,2012,72515,Excellent,26374.35,True,False,False,medium
304,Nissan,Civic,2019,117574,Excellent,17121.3,True,False,False,high
305,Chevrolet,F-150,2021,48316,Excellent,18584.3,True,False,False,low
306,Chevrolet,Altima,2014,76270,Fair,24186.6,False,True,False,medium
307,Honda,F-150,2022,77705,Good,16114.85,False,False,True,medium
308,Honda,Silverado,2015,81927,Excellent,22903.75,True,False,False,medium
309,Toyota,Silverado,2018,148147,Good,16592.75,False,False,True,high
310,Toyota,F-150,2014,57872,Good,25106.4,False,False,True,medium
311,Honda,Silverado,2014,89643,Excellent,23517.95,True,False,False,medium
312,Nissan,Civic,2021,41393,Fair,18930.45,False,True,False,low
313,Honda,F-150,2012,131779,Fair,23411.15,False,True,False,high
314,Nissan,Altima,2018,45636,Excellent,21718.2,True,False,False,low
315,Chevrolet,Camry,2016,51005,Excellent,23449.85,True,False,False,low
316,Nissan,Civic,2017,80534,Excellent,20973.3,True,False,False,medium
317,Nissan,Silverado,2022,83667,Good,15816.65,False,False,True,medium
318,Honda,Camry,2019,24396,Good,21780.3,False,False,True,low
319,Nissan,Camry,2011,12670,Excellent,30366.5,True,False,False,low
320,Toyota,Altima,2017,133563,Good,18321.95,False,False,True,high
321,Toyota,Altima,2019,35960,Excellent,21202.0,True,False,False,low
322,Toyota,Camry,2018,127007,Fair,17649.75,False,True,False,high
323,Chevrolet,Altima,2011,112332,Excellent,25383.5,True,False,False,high
324,Nissan,F-150,2018,23963,Excellent,22801.95,True,False,False,low
325,Chevrolet,F-150,2018,102496,Excellent,18875.2,True,False,False,medium
326,Nissan,Civic,2011,98379,Good,26081.05,False,False,True,medium
327,Ford,F-150,2010,32664,Fair,30366.8,False,True,False,low
328,Nissan,Silverado,2013,79668,Excellent,25016.7,True,False,False,medium
329,Ford,Altima,2022,77020,Good,16149.1,False,False,True,medium
330,Chevrolet,F-150,2022,26242,Excellent,18687.9,True,False,False,low
331,Nissan,Civic,2019,93552,Excellent,18322.4,True,False,False,medium
332,Chevrolet,Camry,2019,97616,Fair,18119.3,False,True,False,medium
333,Toyota,Camry,2016,127326,Excellent,19633.7,True,False,False,high
334,Chevrolet,Silverado,2011,29379,Excellent,29531.15,True,False,False,low
335,Toyota,Camry,2019,132258,Excellent,16387.199999999997,True,False,False,high
336,Ford,Altima,2012,26858,Excellent,28657.2,True,False,False,low
337,Toyota,Silverado,2019,132549,Excellent,16372.65,True,False,False,high
338,Honda,Camry,2017,137062,Fair,18147.0,False,True,False,high
339,Nissan,Altima,2014,102123,Fair,22893.95,False,True,False,medium
340,Nissan,Camry,2022,87290,Good,15635.6,False,False,True,medium
341,Honda,Civic,2015,146704,Excellent,19664.9,True,False,False,high
342,Toyota,Altima,2017,137604,Good,18119.9,False,False,True,high
343,Nissan,Altima,2016,61257,Excellent,22937.25,True,False,False,medium
344,Toyota,Civic,2011,68325,Excellent,27583.75,True,False,False,medium
345,Toyota,Civic,2020,94847,Good,17257.75,False,False,True,medium
346,Honda,Civic,2014,131078,Fair,21446.2,False,True,False,high
347,Toyota,F-150,2019,52450,Fair,20377.6,False,True,False,low
348,Chevrolet,Camry,2016,13492,Excellent,25325.5,True,False,False,low
349,Ford,Silverado,2020,16317,Good,21184.25,False,False,True,low
350,Honda,F-150,2019,79262,Excellent,19037.0,True,False,False,medium
351,Honda,Civic,2011,51775,Excellent,28411.35,True,False,False,low
352,Chevrolet,Altima,2017,21717,Excellent,23914.25,True,False,False,low
353,Toyota,Camry,2021,105673,Excellent,15716.45,True,False,False,high
354,Ford,Civic,2019,13424,Excellent,22328.8,True,False,False,low
355,Nissan,Silverado,2011,32459,Fair,29377.05,False,True,False,low
356,Chevrolet,Altima,2019,105923,Excellent,17703.949999999997,True,False,False,high
357,Ford,Altima,2016,91947,Excellent,21402.65,True,False,False,medium
358,Ford,Altima,2013,58045,Excellent,26097.85,True,False,False,medium
359,Honda,Camry,2016,125517,Excellent,19724.15,True,False,False,high
360,Toyota,Civic,2019,126523,Excellent,16673.949999999997,True,False,False,high
361,Toyota,Silverado,2014,118261,Excellent,22087.05,True,False,False,high
362,Honda,Silverado,2014,72376,Excellent,24381.1,True,False,False,medium
363,Honda,Silverado,2013,142970,Excellent,21851.6,True,False,False,high
364,Honda,Camry,2012,140853,Excellent,22957.45,True,False,False,high
365,Nissan,Camry,2015,75691,Excellent,23215.55,True,False,False,medium
366,Honda,Silverado,2016,100367,Good,20981.75,False,False,True,medium
367,Toyota,Altima,2020,37051,Excellent,20147.45,True,False,False,low
368,Ford,Silverado,2018,141756,Excellent,16912.3,True,False,False,high
369,Toyota,Civic,2018,59531,Excellent,21023.55,True,False,False,medium
370,Chevrolet,F-150,2019,46696,Excellent,20665.1,True,False,False,low
371,Chevrolet,Civic,2016,66677,Good,22666.25,False,False,True,medium
372,Nissan,F-150,2016,39911,Good,24004.55,False,False,True,low
373,Toyota,Silverado,2021,42395,Excellent,18880.35,True,False,False,low
374,Honda,Silverado,2013,28141,Excellent,27592.95,True,False,False,low
375,Honda,Altima,2020,103522,Excellent,16823.9,True,False,False,high
376,Ford,Camry,2017,120980,Fair,18951.1,False,True,False,high
377,Ford,F-150,2020,123309,Excellent,15834.55,True,False,False,high
378,Chevrolet,F-150,2020,132448,Fair,15377.6,False,True,False,high
379,Chevrolet,Camry,2018,52704,Good,21364.8,False,False,True,low
380,Toyota,Camry,2014,149570,Excellent,20521.6,True,False,False,high
381,Ford,Altima,2019,84918,Excellent,18754.1,True,False,False,medium
382,Chevrolet,Altima,2014,138012,Excellent,21099.300000000003,True,False,False,high
383,Ford,Camry,2018,118435,Excellent,18078.35,True,False,False,high
384,Toyota,Altima,2020,121125,Excellent,15943.75,True,False,False,high
385,Ford,Civic,2014,44962,Excellent,25752.0,True,False,False,low
386,Toyota,Silverado,2012,57881,Good,27105.95,False,False,True,medium
387,Honda,Silverado,2016,130595,Good,19470.15,False,False,True,high
388,Honda,Silverado,2019,86855,Fair,18657.35,False,True,False,medium
389,Ford,F-150,2018,42669,Excellent,21866.55,True,False,False,low
390,Ford,Camry,2019,127210,Excellent,16639.5,True,False,False,high
391,Ford,Silverado,2022,111694,Good,14415.4,False,False,True,high
392,Chevrolet,Camry,2010,50056,Excellent,29497.3,True,False,False,low
393,Ford,Silverado,2011,102294,Fair,25885.4,False,True,False,medium
394,Ford,Civic,2017,23363,Excellent,23831.85,True,False,False,low
395,Toyota,Altima,2011,30166,Excellent,29491.8,True,False,False,low
396,Chevrolet,Camry,2021,106594,Excellent,15670.4,True,False,False,high
397,Ford,Silverado,2016,48490,Good,23575.4,False,False,True,low
398,Ford,Silverado,2010,93271,Excellent,27336.55,True,False,False,medium
399,Ford,Silverado,2017,40831,Good,22958.55,False,False,True,low
400,Nissan,Silverado,2018,86192,Excellent,19690.5,True,False,False,medium
401,Chevrolet,Silverado,2014,44619,Excellent,25769.05,True,False,False,low
402,Ford,Civic,2022,25928,Excellent,18703.7,True,False,False,low
403,Nissan,Camry,2013,43433,Good,26828.35,False,False,True,low
404,Nissan,Altima,2011,60548,Good,27972.7,False,False,True,medium
405,Honda,Altima,2014,90224,Good,23488.7,False,False,True,medium
406,Toyota,Altima,2010,51134,Good,29443.4,False,False,True,low
407,Honda,Silverado,2017,63390,Excellent,21830.5,True,False,False,medium
408,Toyota,F-150,2021,18104,Excellent,20094.7,True,False,False,low
409,Nissan,Civic,2016,89158,Fair,21542.1,False,True,False,medium
410,Chevrolet,Silverado,2021,30611,Excellent,19469.45,True,False,False,low
411,Chevrolet,Camry,2014,121589,Excellent,21920.65,True,False,False,high
412,Chevrolet,Camry,2019,34918,Good,21254.2,False,False,True,low
413,Toyota,F-150,2020,99917,Fair,17004.15,False,True,False,medium
414,Honda,Altima,2014,58887,Excellent,25055.550000000003,True,False,False,medium
415,Nissan,Altima,2021,101862,Excellent,15907.0,True,False,False,medium
416,Honda,Camry,2014,51798,Excellent,25410.2,True,False,False,low
417,Ford,Civic,2010,14502,Good,31275.0,False,False,True,low
418,Honda,Altima,2016,101123,Excellent,20943.95,True,False,False,medium
419,Honda,Camry,2013,17912,Excellent,28104.300000000003,True,False,False,low
420,Ford,Civic,2019,36297,Good,21185.15,False,False,True,low
421,Honda,Silverado,2020,11052,Excellent,21447.5,True,False,False,low
422,Honda,Altima,2012,40442,Good,27978.0,False,False,True,low
423,Honda,Camry,2011,19491,Good,30025.55,False,False,True,low
424,Toyota,Camry,2019,31246,Excellent,21437.8,True,False,False,low
425,Chevrolet,Camry,2010,97733,Good,27113.35,False,False,True,medium
426,Honda,Altima,2011,28108,Good,29594.5,False,False,True,low
427,Toyota,Civic,2010,59668,Excellent,29016.7,True,False,False,medium
428,Honda,Altima,2011,58163,Good,28091.85,False,False,True,medium
429,Honda,Altima,2022,60927,Excellent,16953.65,True,False,False,medium
430,Chevrolet,Silverado,2014,22980,Fair,26851.1,False,True,False,low
431,Honda,Camry,2014,19437,Good,27028.15,False,False,True,low
432,Chevrolet,Civic,2013,46895,Good,26655.35,False,False,True,low
433,Chevrolet,Silverado,2015,27971,Excellent,25601.45,True,False,False,low
434,Honda,Silverado,2022,23865,Fair,18806.85,False,True,False,low
435,Chevrolet,F-150,2021,102564,Excellent,15871.9,True,False,False,medium
436,Chevrolet,Camry,2011,134783,Fair,24260.95,False,True,False,high
437,Chevrolet,F-150,2020,133725,Good,15313.85,False,False,True,high
438,Toyota,Silverado,2015,136557,Good,20172.15,False,False,True,high
439,Nissan,Altima,2019,93735,Good,18313.35,False,False,True,medium
440,Toyota,Camry,2010,124705,Excellent,25764.85,True,False,False,high
441,Nissan,Silverado,2011,121548,Excellent,24922.5,True,False,False,high
442,Toyota,Camry,2019,144647,Excellent,15767.75,True,False,False,high
443,Toyota,Camry,2012,71281,Good,26436.05,False,False,True,medium
444,Nissan,Silverado,2020,103321,Good,16834.05,False,False,True,high
445,Ford,Camry,2014,110462,Good,22477.0,False,False,True,high
446,Ford,Altima,2012,99189,Fair,25040.65,False,True,False,medium
447,Ford,Silverado,2022,19645,Excellent,19017.65,True,False,False,low
448,Ford,F-150,2012,71988,Excellent,26400.5,True,False,False,medium
449,Chevrolet,F-150,2011,27303,Good,29634.95,False,False,True,low
450,Chevrolet,Camry,2010,99101,Excellent,27044.95,True,False,False,medium
451,Chevrolet,Camry,2016,71865,Excellent,22406.65,True,False,False,medium
452,Chevrolet,Altima,2013,120835,Good,22958.35,False,False,True,high
453,Ford,Camry,2011,123679,Fair,24816.15,False,True,False,high
454,Ford,Silverado,2013,114176,Excellent,23291.2,True,False,False,high
455,Ford,Camry,2021,14029,Fair,20298.45,False,True,False,low
456,Ford,F-150,2019,42231,Excellent,20888.55,True,False,False,low
457,Nissan,Camry,2018,27069,Good,22646.65,False,False,True,low
458,Chevrolet,Altima,2012,149613,Good,22519.45,False,False,True,high
459,Honda,Silverado,2017,70771,Excellent,21461.55,True,False,False,medium
460,Honda,Altima,2018,89682,Excellent,19515.9,True,False,False,medium
461,Chevrolet,F-150,2016,70317,Excellent,22484.25,True,False,False,medium
462,Chevrolet,Silverado,2020,37236,Excellent,20138.2,True,False,False,low
463,Honda,Silverado,2019,63167,Excellent,19841.65,True,False,False,medium
464,Nissan,Civic,2016,127662,Excellent,19617.0,True,False,False,high
465,Toyota,Civic,2010,105765,Excellent,26711.85,True,False,False,high
466,Honda,F-150,2016,46605,Excellent,23669.85,True,False,False,low
467,Honda,Altima,2010,109918,Excellent,26504.2,True,False,False,high
468,Honda,F-150,2015,44741,Excellent,24763.05,True,False,False,low
469,Chevrolet,Altima,2020,64646,Fair,18767.8,False,True,False,medium
470,Chevrolet,Silverado,2019,130681,Excellent,16465.95,True,False,False,high
471,Chevrolet,Civic,2021,121983,Good,14900.749999999998,False,False,True,high
472,Toyota,Altima,2016,12869,Excellent,25356.65,True,False,False,low
473,Nissan,Civic,2010,74570,Excellent,28271.5,True,False,False,medium
474,Honda,Camry,2016,125259,Fair,19737.05,False,True,False,high
475,Ford,F-150,2019,22474,Excellent,21876.4,True,False,False,low
476,Ford,Camry,2018,17053,Fair,23147.45,False,True,False,low
477,Nissan,Civic,2021,122651,Good,14867.55,False,False,True,high
478,Honda,Silverado,2021,130042,Good,14498.0,False,False,True,high
479,Honda,F-150,2013,33515,Excellent,27324.25,True,False,False,low
480,Ford,Altima,2012,101831,Excellent,24908.55,True,False,False,medium
481,Ford,Civic,2021,30893,Excellent,19455.35,True,False,False,low
482,Chevrolet,F-150,2014,33760,Good,26312.1,False,False,True,low
483,Honda,Silverado,2018,53638,Good,21318.2,False,False,True,low
484,Ford,Altima,2010,134717,Excellent,25264.15,True,False,False,high
485,Toyota,Civic,2017,70870,Fair,21456.6,False,True,False,medium
486,Ford,F-150,2022,147742,Excellent,12613.0,True,False,False,high
487,Chevrolet,Altima,2018,40594,Good,21970.4,False,False,True,low
488,Toyota,Silverado,2014,24128,Fair,26793.6,False,True,False,low
489,Toyota,Altima,2020,65285,Good,18735.85,False,False,True,medium
490,Chevrolet,Camry,2017,22334,Excellent,23883.4,True,False,False,low
491,Nissan,Altima,2011,90734,Good,26463.4,False,False,True,medium
492,Ford,Silverado,2012,129184,Excellent,23540.9,True,False,False,high
493,Honda,Altima,2019,71338,Excellent,19433.2,True,False,False,medium
494,Toyota,Silverado,2015,120720,Fair,20964.1,False,True,False,high
495,Toyota,Civic,2012,132012,Good,23399.4,False,False,True,high
496,Nissan,Silverado,2014,55001,Excellent,25249.95,True,False,False,low
497,Honda,Silverado,2012,140142,Excellent,22993.0,True,False,False,high
498,Nissan,Camry,2022,62974,Fair,16851.2,False,True,False,medium
499,Toyota,Camry,2017,87569,Excellent,20621.65,True,False,False,medium
500,Toyota,Civic,2021,98158,Excellent,16092.2,True,False,False,medium
501,Ford,Silverado,2016,101330,Good,20933.4,False,False,True,medium
502,Toyota,F-150,2011,87729,Excellent,26613.55,True,False,False,medium
503,Honda,Altima,2016,46914,Excellent,23654.4,True,False,False,low
504,Ford,F-150,2014,27120,Excellent,26644.1,True,False,False,low
505,Ford,Camry,2017,55739,Good,22213.05,False,False,True,low
506,Nissan,Camry,2015,131563,Good,20421.95,False,False,True,high
507,Honda,Altima,2021,118937,Good,15053.15,False,False,True,high
508,Nissan,F-150,2013,109321,Excellent,23533.95,True,False,False,high
509,Chevrolet,Camry,2020,29755,Good,20512.25,False,False,True,low
510,Nissan,Camry,2020,25872,Excellent,20706.4,True,False,False,low
511,Chevrolet,Silverado,2022,125945,Excellent,13702.85,True,False,False,high
512,Chevrolet,Silverado,2019,63271,Fair,19836.55,False,True,False,medium
513,Chevrolet,F-150,2010,52941,Excellent,29353.05,True,False,False,low
514,Toyota,Altima,2014,119129,Excellent,22043.55,True,False,False,high
515,Toyota,Altima,2022,50136,Good,17493.3,False,False,True,low
516,Toyota,Civic,2018,42073,Excellent,21896.35,True,False,False,low
517,Chevrolet,F-150,2015,147849,Excellent,19607.55,True,False,False,high
518,Nissan,F-150,2017,37884,Fair,23105.8,False,True,False,low
519,Ford,Silverado,2021,89782,Excellent,16511.0,True,False,False,medium
520,Chevrolet,Camry,2018,127513,Excellent,17624.35,True,False,False,high
521,Toyota,Altima,2010,29791,Excellent,30510.55,True,False,False,low
522,Chevrolet,Silverado,2017,42364,Excellent,22881.8,True,False,False,low
523,Toyota,Camry,2014,57943,Good,25102.85,False,False,True,medium
524,Ford,F-150,2014,135770,Good,21211.6,False,False,True,high
525,Nissan,Altima,2015,77740,Excellent,23113.0,True,False,False,medium
526,Chevrolet,Silverado,2012,26940,Good,28653.1,False,False,True,low
527,Ford,Camry,2014,36210,Good,26189.5,False,False,True,low
528,Chevrolet,F-150,2017,66819,Excellent,21659.15,True,False,False,medium
529,Nissan,Camry,2014,43424,Fair,25828.9,False,True,False,low
530,Honda,Camry,2017,103903,Good,19804.85,False,False,True,high
531,Nissan,Silverado,2021,98401,Good,16079.95,False,False,True,medium
532,Ford,F-150,2016,28225,Good,24588.75,False,False,True,low
533,Toyota,Altima,2015,65064,Excellent,23746.9,True,False,False,medium
534,Chevrolet,Altima,2011,69323,Good,27533.85,False,False,True,medium
535,Chevrolet,F-150,2015,26418,Fair,25679.2,False,True,False,low
536,Nissan,Civic,2015,32282,Excellent,25385.9,True,False,False,low
537,Toyota,Camry,2011,134292,Good,24285.4,False,False,True,high
538,Ford,Civic,2010,121868,Excellent,25906.6,True,False,False,high
539,Ford,Silverado,2011,106621,Excellent,25669.05,True,False,False,high
540,Honda,Silverado,2022,28261,Good,18586.95,False,False,True,low
541,Nissan,F-150,2010,42099,Good,29895.05,False,False,True,low
542,Honda,Civic,2020,28846,Fair,20557.8,False,True,False,low
543,Toyota,Silverado,2010,123140,Fair,25842.9,False,True,False,high
544,Chevrolet,Civic,2015,120715,Excellent,20964.25,True,False,False,high
545,Ford,Civic,2013,56750,Fair,26162.6,False,True,False,medium
546,Chevrolet,Civic,2018,61510,Good,20924.6,False,False,True,medium
547,Ford,Civic,2022,54507,Excellent,17274.65,True,False,False,low
548,Honda,Civic,2018,78256,Excellent,20087.3,True,False,False,medium
549,Ford,F-150,2015,99084,Excellent,22045.9,True,False,False,medium
550,Nissan,Camry,2015,51625,Excellent,24418.85,True,False,False,low
551,Nissan,Camry,2022,73222,Fair,16338.9,False,True,False,medium
552,Toyota,F-150,2015,49624,Excellent,24518.9,True,False,False,low
553,Honda,Silverado,2021,81288,Good,16935.699999999997,False,False,True,medium
554,Nissan,Silverado,2014,133552,Excellent,21322.5,True,False,False,high
555,Chevrolet,Altima,2022,85718,Excellent,15714.2,True,False,False,medium
556,Honda,Civic,2018,136822,Excellent,17159.0,True,False,False,high
557,Chevrolet,Altima,2010,100958,Excellent,26952.2,True,False,False,medium
558,Honda,Civic,2022,110420,Good,14479.1,False,False,True,high
559,Chevrolet,Silverado,2017,149439,Good,17528.05,False,False,True,high
560,Chevrolet,Camry,2018,112050,Excellent,18397.6,True,False,False,high
561,Honda,F-150,2015,24487,Fair,25775.75,False,True,False,low
562,Toyota,Altima,2021,82355,Good,16882.35,False,False,True,medium
563,Nissan,F-150,2022,11057,Excellent,19447.25,True,False,False,low
564,Ford,Camry,2016,114976,Good,20251.3,False,False,True,high
565,Honda,Altima,2021,31087,Excellent,19445.65,True,False,False,low
566,Chevrolet,Silverado,2018,65155,Good,20742.25,False,False,True,medium
567,Chevrolet,Altima,2022,87360,Good,15631.9,False,False,True,medium
568,Chevrolet,F-150,2022,83446,Good,15827.7,False,False,True,medium
569,Nissan,Camry,2018,144159,Excellent,16792.149999999998,True,False,False,high
570,Ford,Camry,2021,126747,Excellent,14662.75,True,False,False,high
571,Ford,Silverado,2014,105007,Excellent,22749.75,True,False,False,high
572,Honda,Altima,2010,131693,Excellent,25415.45,True,False,False,high
573,Toyota,Silverado,2022,125405,Excellent,13729.85,True,False,False,high
574,Chevrolet,Camry,2010,64157,Excellent,28792.25,True,False,False,medium
575,Nissan,Altima,2022,137639,Excellent,13118.05,True,False,False,high
576,Ford,Altima,2014,56259,Good,25187.15,False,False,True,low
577,Toyota,Altima,2010,70775,Excellent,28461.35,True,False,False,medium
578,Chevrolet,Camry,2017,35981,Excellent,23201.05,True,False,False,low
579,Chevrolet,Silverado,2016,52022,Excellent,23398.9,True,False,False,low
580,Chevrolet,Altima,2014,87329,Good,23633.55,False,False,True,medium
581,Toyota,Silverado,2017,12288,Excellent,24385.7,True,False,False,low
582,Honda,Civic,2022,142482,Excellent,12875.9,True,False,False,high
583,Honda,F-150,2011,35805,Excellent,29209.85,True,False,False,low
584,Nissan,Civic,2015,91550,Good,22422.6,False,False,True,medium
585,Chevrolet,Altima,2020,125852,Excellent,15707.4,True,False,False,high
586,Nissan,Altima,2013,29419,Excellent,27529.15,True,False,False,low
587,Toyota,Altima,2017,82000,Excellent,20900.1,True,False,False,medium
588,Chevrolet,Civic,2016,93459,Good,21327.15,False,False,True,medium
589,Honda,Civic,2018,27846,Excellent,22607.6,True,False,False,low
590,Nissan,Camry,2018,13723,Excellent,23313.85,True,False,False,low
591,Toyota,Camry,2011,143351,Excellent,23832.55,True,False,False,high
592,Toyota,Civic,2015,80511,Excellent,22974.55,True,False,False,medium
593,Honda,Civic,2022,98546,Good,15072.7,False,False,True,medium
594,Honda,Altima,2022,66060,Excellent,16697.1,True,False,False,medium
595,Chevrolet,F-150,2010,129583,Excellent,25520.85,True,False,False,high
596,Ford,F-150,2019,24578,Good,21771.2,False,False,True,low
597,Ford,Altima,2011,16447,Good,30177.65,False,False,True,low
598,Chevrolet,Civic,2014,52705,Excellent,25364.85,True,False,False,low
599,Toyota,Altima,2012,39118,Excellent,28044.2,True,False,False,low
600,Toyota,Altima,2012,139087,Excellent,23045.75,True,False,False,high
601,Toyota,Silverado,2016,129611,Fair,19519.45,False,True,False,high
602,Chevrolet,F-150,2014,82880,Excellent,23856.1,True,False,False,medium
603,Nissan,Altima,2017,105416,Excellent,19729.2,True,False,False,high
604,Ford,F-150,2012,134181,Good,23291.05,False,False,True,high
605,Toyota,Civic,2016,80795,Excellent,21960.25,True,False,False,medium
606,Honda,Silverado,2014,21339,Excellent,26933.15,True,False,False,low
607,Nissan,F-150,2013,48480,Good,26576.1,False,False,True,low
608,Chevrolet,Silverado,2012,133111,Good,23344.55,False,False,True,high
609,Honda,Silverado,2012,112469,Good,24376.65,False,False,True,high
610,Nissan,Silverado,2012,73578,Excellent,26321.2,True,False,False,medium
611,Ford,Altima,2011,118056,Excellent,25097.3,True,False,False,high
612,Toyota,Camry,2011,57879,Excellent,28105.95,True,False,False,medium
613,Nissan,Camry,2018,65718,Excellent,20714.1,True,False,False,medium
614,Nissan,F-150,2021,60272,Fair,17986.5,False,True,False,medium
615,Nissan,Camry,2010,54344,Excellent,29282.7,True,False,False,low
616,Chevrolet,Silverado,2014,106646,Good,22667.7,False,False,True,high
617,Chevrolet,Civic,2013,66247,Good,25687.75,False,False,True,medium
618,Chevrolet,F-150,2021,40122,Excellent,18994.0,True,False,False,low
619,Ford,Silverado,2017,18119,Good,24094.05,False,False,True,low
620,Honda,Camry,2010,121674,Excellent,25916.2,True,False,False,high
621,Toyota,Camry,2020,107058,Excellent,16647.0,True,False,False,high
622,Nissan,F-150,2014,99627,Excellent,23018.550000000003,True,False,False,medium
623,Nissan,Camry,2016,95531,Excellent,21223.55,True,False,False,medium
624,Toyota,Camry,2012,98006,Good,25099.8,False,False,True,medium
625,Honda,Civic,2017,96018,Excellent,20199.2,True,False,False,medium
626,Ford,Camry,2012,13306,Good,29334.8,False,False,True,low
627,Chevrolet,F-150,2012,61491,Excellent,26925.45,True,False,False,medium
628,Chevrolet,Altima,2018,51008,Excellent,21449.6,True,False,False,low
629,Ford,Silverado,2016,102895,Excellent,20855.25,True,False,False,medium
630,Chevrolet,F-150,2014,29491,Excellent,26525.55,True,False,False,low
631,Honda,F-150,2017,39333,Fair,23033.45,False,True,False,low
632,Ford,Altima,2014,28350,Excellent,26582.6,True,False,False,low
633,Honda,F-150,2020,116611,Fair,16169.55,False,True,False,high
634,Toyota,F-150,2013,29909,Fair,27504.65,False,True,False,low
635,Chevrolet,Camry,2010,136821,Good,25159.05,False,False,True,high
636,Toyota,Altima,2014,80948,Excellent,23952.7,True,False,False,medium
637,Chevrolet,Camry,2014,71453,Excellent,24427.45,True,False,False,medium
638,Chevrolet,Silverado,2010,116617,Excellent,26169.15,True,False,False,high
639,Toyota,Silverado,2017,131649,Excellent,18417.65,True,False,False,high
640,Honda,Altima,2010,114848,Excellent,26257.7,True,False,False,high
641,Honda,Civic,2014,17168,Good,27141.6,False,False,True,low
642,Toyota,F-150,2010,47014,Excellent,29649.4,True,False,False,low
643,Ford,Civic,2012,116576,Excellent,24171.1,True,False,False,high
644,Nissan,Camry,2019,53540,Excellent,20323.0,True,False,False,low
645,Honda,Altima,2021,149648,Good,13517.7,False,False,True,high
646,Honda,Altima,2010,123807,Excellent,25809.75,True,False,False,high
647,Honda,Camry,2014,96707,Fair,23164.75,False,True,False,medium
648,Nissan,Altima,2018,88234,Excellent,19588.3,True,False,False,medium
649,Nissan,Silverado,2014,90705,Excellent,23464.75,True,False,False,medium
650,Honda,Altima,2021,142456,Good,13877.3,False,False,True,high
651,Honda,Silverado,2020,19789,Good,21010.55,False,False,True,low
652,Ford,Camry,2018,88406,Good,19579.7,False,False,True,medium
653,Toyota,Silverado,2019,131966,Fair,16401.7,False,True,False,high
654,Honda,Altima,2022,33316,Excellent,18334.2,True,False,False,low
655,Nissan,F-150,2020,55979,Good,19201.15,False,False,True,low
656,Toyota,Silverado,2022,127604,Fair,13619.9,False,True,False,high
657,Toyota,Altima,2019,140224,Good,15988.8,False,False,True,high
658,Honda,Altima,2016,121615,Excellent,19919.35,True,False,False,high
659,Chevrolet,Civic,2022,107782,Excellent,14611.0,True,False,False,high
660,Toyota,Silverado,2011,124052,Excellent,24797.4,True,False,False,high
661,Nissan,Altima,2019,104878,Excellent,17756.199999999997,True,False,False,high
662,Honda,Altima,2021,64317,Excellent,17784.25,True,False,False,medium
663,Honda,Silverado,2012,143456,Excellent,22827.3,True,False,False,high
664,Honda,Silverado,2016,98304,Excellent,21084.9,True,False,False,medium
665,Chevrolet,F-150,2021,122918,Good,14854.2,False,False,True,high
666,Chevrolet,Civic,2010,14506,Fair,31274.7,False,True,False,low
667,Honda,Camry,2013,24945,Fair,27752.85,False,True,False,low
668,Ford,Altima,2013,13416,Excellent,28329.3,True,False,False,low
669,Nissan,Altima,2020,24393,Good,20780.35,False,False,True,low
670,Chevrolet,Camry,2021,136237,Excellent,14188.05,True,False,False,high
671,Honda,Silverado,2020,31470,Excellent,20426.6,True,False,False,low
672,Honda,Altima,2021,63376,Excellent,17831.3,True,False,False,medium
673,Honda,Silverado,2022,85972,Excellent,15701.5,True,False,False,medium
674,Toyota,Camry,2017,54466,Good,22276.8,False,False,True,low
675,Nissan,Camry,2011,103788,Excellent,25810.7,True,False,False,high
676,Honda,Silverado,2011,87442,Excellent,26628.0,True,False,False,medium
677,Ford,Altima,2011,76042,Good,27197.9,False,False,True,medium
678,Honda,F-150,2013,36544,Excellent,27172.9,True,False,False,low
679,Nissan,Altima,2014,109684,Excellent,22515.7,True,False,False,high
680,Ford,Civic,2013,81670,Good,24916.6,False,False,True,medium
681,Nissan,Altima,2018,97881,Excellent,19106.05,True,False,False,medium
682,Honda,Silverado,2021,52464,Fair,18376.9,False,True,False,low
683,Ford,F-150,2013,121745,Excellent,22912.85,True,False,False,high
684,Honda,F-150,2014,103515,Good,22824.35,False,False,True,high
685,Ford,Camry,2020,30823,Excellent,20458.95,True,False,False,low
686,Nissan,Altima,2012,149794,Excellent,22510.4,True,False,False,high
687,Chevrolet,Civic,2017,16738,Excellent,24163.1,True,False,False,low
688,Nissan,Camry,2014,54608,Excellent,25269.7,True,False,False,low
689,Nissan,Altima,2022,47702,Excellent,17615.0,True,False,False,low
690,Ford,Camry,2021,61150,Excellent,17942.6,True,False,False,medium
691,Nissan,F-150,2020,62934,Excellent,18853.4,True,False,False,medium
692,Toyota,F-150,2021,111050,Excellent,15447.5,True,False,False,high
693,Nissan,Camry,2013,139970,Excellent,22001.6,True,False,False,high
694,Toyota,Altima,2019,48268,Excellent,20586.6,True,False,False,low
695,Ford,F-150,2013,102622,Excellent,23868.9,True,False,False,medium
696,Ford,Civic,2014,58577,Excellent,25071.25,True,False,False,medium
697,Ford,Camry,2017,97843,Good,20107.95,False,False,True,medium
698,Ford,Camry,2022,29471,Excellent,18526.45,True,False,False,low
699,Chevrolet,Camry,2013,39120,Fair,27044.1,False,True,False,low
700,Toyota,Camry,2012,20345,Good,28982.85,False,False,True,low
701,Ford,Silverado,2010,65181,Good,28740.95,False,False,True,medium
702,Ford,Camry,2017,91498,Excellent,20425.1,True,False,False,medium
703,Nissan,Altima,2014,144681,Excellent,20766.05,True,False,False,high
704,Chevrolet,Civic,2019,122038,Good,16898.199999999997,False,False,True,high
705,Toyota,Camry,2020,136729,Excellent,15163.45,True,False,False,high
706,Nissan,Silverado,2020,70547,Good,18472.550000000003,False,False,True,medium
707,Chevrolet,Altima,2014,91148,Excellent,23442.6,True,False,False,medium
708,Nissan,F-150,2010,84697,Good,27765.050000000003,False,False,True,medium
709,Honda,Silverado,2015,147077,Excellent,19646.25,True,False,False,high
710,Ford,Civic,2021,75674,Excellent,17216.399999999998,True,False,False,medium
711,Chevrolet,Camry,2010,79677,Excellent,28016.25,True,False,False,medium
712,Nissan,F-150,2014,37607,Good,26119.65,False,False,True,low
713,Honda,Silverado,2011,132239,Good,24388.15,False,False,True,high
714,Toyota,Camry,2010,139826,Excellent,25008.8,True,False,False,high
715,Honda,F-150,2011,33101,Good,29345.05,False,False,True,low
716,Toyota,Altima,2013,102901,Excellent,23854.85,True,False,False,medium
717,Honda,Camry,2013,75318,Excellent,25234.1,True,False,False,medium
718,Ford,Camry,2017,127836,Good,18608.2,False,False,True,high
719,Chevrolet,Altima,2020,146457,Excellent,14677.25,True,False,False,high
720,Nissan,Altima,2022,94256,Fair,15287.3,False,True,False,medium
721,Honda,Silverado,2018,136777,Excellent,17161.25,True,False,False,high
722,Honda,Camry,2019,29100,Excellent,21545.1,True,False,False,low
723,Chevrolet,Camry,2021,79881,Good,17006.05,False,False,True,medium
724,Chevrolet,Altima,2012,72070,Excellent,26396.6,True,False,False,medium
725,Chevrolet,Civic,2011,63223,Excellent,27838.95,True,False,False,medium
726,Toyota,Camry,2011,120615,Good,24969.15,False,False,True,high
727,Chevrolet,F-150,2018,81236,Fair,19938.2,False,True,False,medium
728,Nissan,Civic,2020,96791,Excellent,17160.55,True,False,False,medium
729,Chevrolet,F-150,2021,34932,Excellent,19253.5,True,False,False,low
730,Chevrolet,Silverado,2011,22768,Excellent,29861.7,True,False,False,low
731,Chevrolet,Silverado,2016,111433,Good,20428.35,False,False,True,high
732,Honda,Civic,2021,84577,Excellent,16771.050000000003,True,False,False,medium
733,Toyota,Altima,2022,66857,Good,16657.25,False,False,True,medium
734,Honda,Camry,2016,141774,Good,18911.3,False,False,True,high
735,Ford,Civic,2012,55039,Excellent,27248.15,True,False,False,low
736,Toyota,Civic,2018,92293,Excellent,19385.45,True,False,False,medium
737,Toyota,F-150,2015,50227,Fair,24488.75,False,True,False,low
738,Chevrolet,F-150,2020,146032,Good,14698.3,False,False,True,high
739,Chevrolet,F-150,2016,11712,Good,25414.4,False,False,True,low
740,Nissan,F-150,2011,10893,Excellent,30455.25,True,False,False,low
741,Chevrolet,F-150,2016,69357,Good,22532.15,False,False,True,medium
742,Toyota,Silverado,2020,134241,Excellent,15287.95,True,False,False,high
743,Honda,F-150,2011,86503,Excellent,26674.95,True,False,False,medium
744,Honda,F-150,2020,31423,Excellent,20428.85,True,False,False,low
745,Ford,F-150,2016,77119,Excellent,22143.95,True,False,False,medium
746,Toyota,Civic,2020,19145,Excellent,21042.65,True,False,False,low
747,Chevrolet,Civic,2017,45739,Excellent,22713.15,True,False,False,low
748,Ford,Silverado,2019,28133,Excellent,21593.45,True,False,False,low
749,Ford,Civic,2019,105690,Excellent,17715.5,True,False,False,high
750,Chevrolet,Silverado,2020,119038,Excellent,16048.2,True,False,False,high
751,Toyota,Camry,2020,64221,Good,18789.05,False,False,True,medium
752,Honda,Civic,2011,77760,Good,27111.9,False,False,True,medium
753,Toyota,Camry,2014,33785,Good,26310.85,False,False,True,low
754,Toyota,F-150,2020,61104,Excellent,18944.8,True,False,False,medium
755,Honda,F-150,2019,106037,Excellent,17698.25,True,False,False,high
756,Honda,Camry,2017,108648,Excellent,19567.6,True,False,False,high
757,Toyota,Altima,2020,101801,Excellent,16910.05,True,False,False,medium
758,Chevrolet,Civic,2016,11795,Excellent,25410.35,True,False,False,low
759,Ford,F-150,2019,64700,Good,19765.0,False,False,True,medium
760,Toyota,F-150,2021,42702,Excellent,18865.0,True,False,False,low
761,Toyota,Camry,2010,85004,Fair,27749.9,False,True,False,medium
762,Toyota,F-150,2012,97595,Good,25120.35,False,False,True,medium
763,Chevrolet,Altima,2021,135165,Excellent,14241.85,True,False,False,high
764,Toyota,F-150,2022,145864,Excellent,12706.9,True,False,False,high
765,Toyota,Civic,2021,133133,Excellent,14343.45,True,False,False,high
766,Chevrolet,Camry,2019,43995,Excellent,20800.35,True,False,False,low
767,Nissan,Camry,2014,131612,Fair,21419.5,False,True,False,high
768,Honda,Altima,2012,74521,Fair,26273.95,False,True,False,medium
769,Ford,Silverado,2014,106467,Fair,22676.75,False,True,False,high
770,Honda,F-150,2013,77857,Excellent,25107.25,True,False,False,medium
771,Chevrolet,F-150,2019,13554,Good,22322.4,False,False,True,low
772,Honda,Camry,2015,122891,Excellent,20855.55,True,False,False,high
773,Chevrolet,Altima,2010,89618,Good,27519.2,False,False,True,medium
774,Ford,Camry,2010,74986,Fair,28250.7,False,True,False,medium
775,Nissan,Silverado,2017,73340,Excellent,21333.1,True,False,False,medium
776,Chevrolet,Altima,2015,148214,Excellent,19589.4,True,False,False,high
777,Honda,Civic,2015,122879,Excellent,20856.15,True,False,False,high
778,Ford,Altima,2017,45756,Good,22712.3,False,False,True,low
779,Ford,Camry,2017,149068,Good,17546.6,False,False,True,high
780,Honda,Silverado,2011,137472,Excellent,24126.4,True,False,False,high
781,Ford,F-150,2020,90987,Excellent,17450.65,True,False,False,medium
782,Nissan,Camry,2017,123512,Excellent,18824.5,True,False,False,high
783,Ford,Civic,2017,116988,Excellent,19150.7,True,False,False,high
784,Toyota,Altima,2020,86137,Fair,17693.25,False,True,False,medium
785,Toyota,F-150,2011,51340,Excellent,28433.1,True,False,False,low
786,Chevrolet,Silverado,2018,136757,Good,17162.15,False,False,True,high
787,Honda,Civic,2014,34734,Fair,26263.3,False,True,False,low
788,Honda,Altima,2016,80192,Excellent,21990.5,True,False,False,medium
789,Nissan,Silverado,2019,123810,Excellent,16809.4,True,False,False,high
790,Chevrolet,Altima,2016,149200,Excellent,18540.1,True,False,False,high
791,Honda,Civic,2010,147306,Good,24634.7,False,False,True,high
792,Chevrolet,Camry,2020,107596,Good,16620.3,False,False,True,high
793,Toyota,F-150,2011,128818,Excellent,24559.0,True,False,False,high
794,Honda,Camry,2018,35305,Excellent,22234.75,True,False,False,low
795,Honda,Civic,2017,94183,Excellent,20290.85,True,False,False,medium
796,Toyota,Altima,2020,42621,Good,19868.85,False,False,True,low
797,Chevrolet,Civic,2021,96118,Excellent,16194.2,True,False,False,medium
798,Ford,F-150,2014,79483,Good,24025.85,False,False,True,medium
799,Chevrolet,Altima,2017,133889,Excellent,18305.65,True,False,False,high
800,Nissan,Silverado,2013,59560,Excellent,26022.0,True,False,False,medium
801,Toyota,Civic,2021,87129,Excellent,16643.649999999998,True,False,False,medium
802,Ford,F-150,2014,93807,Excellent,23309.75,True,False,False,medium
803,Toyota,Camry,2011,108907,Good,25554.75,False,False,True,high
804,Ford,Altima,2015,61687,Good,23915.75,False,False,True,medium
805,Chevrolet,Altima,2016,56247,Good,23187.75,False,False,True,low
806,Nissan,Altima,2022,15992,Fair,19200.5,False,True,False,low
807,Honda,Civic,2012,48331,Excellent,27583.55,True,False,False,low
808,Nissan,F-150,2013,106330,Good,23683.6,False,False,True,high
809,Toyota,Civic,2017,63826,Good,21808.8,False,False,True,medium
810,Honda,Camry,2013,36782,Excellent,27160.9,True,False,False,low
811,Ford,F-150,2021,109551,Excellent,15522.55,True,False,False,high
812,Toyota,Camry,2011,124937,Excellent,24753.15,True,False,False,high
813,Ford,Camry,2010,99234,Excellent,27038.4,True,False,False,medium
814,Honda,Camry,2012,102406,Excellent,24879.8,True,False,False,medium
815,Honda,Altima,2022,140603,Excellent,12969.85,True,False,False,high
816,Nissan,Civic,2012,47534,Good,27623.3,False,False,True,low
817,Chevrolet,F-150,2011,50007,Fair,28499.75,False,True,False,low
818,Honda,Altima,2017,15545,Excellent,24222.85,True,False,False,low
819,Ford,Camry,2022,142080,Good,12896.0,False,False,True,high
820,Toyota,F-150,2021,127693,Excellent,14615.45,True,False,False,high
821,Ford,Altima,2010,63023,Excellent,28848.95,True,False,False,medium
822,Chevrolet,Civic,2017,148254,Excellent,17587.3,True,False,False,high
823,Honda,Civic,2021,136606,Good,14169.6,False,False,True,high
824,Honda,Civic,2010,47611,Excellent,29619.55,True,False,False,low
825,Nissan,F-150,2014,106119,Excellent,22694.15,True,False,False,high
826,Toyota,Civic,2011,102926,Good,25853.8,False,False,True,medium
827,Chevrolet,Camry,2019,120286,Excellent,16985.8,True,False,False,high
828,Nissan,Silverado,2022,72203,Excellent,16389.949999999997,True,False,False,medium
829,Toyota,Camry,2019,48503,Excellent,20574.85,True,False,False,low
830,Honda,Camry,2013,136202,Good,22190.0,False,False,True,high
831,Honda,Silverado,2019,122062,Good,16896.800000000003,False,False,True,high
832,Toyota,Civic,2012,45294,Excellent,27735.4,True,False,False,low
833,Honda,Silverado,2020,104399,Fair,16780.05,False,True,False,high
834,Ford,Camry,2019,137827,Good,16108.65,False,False,True,high
835,Toyota,Altima,2013,108091,Excellent,23595.45,True,False,False,high
836,Honda,Altima,2010,68159,Excellent,28592.15,True,False,False,medium
837,Nissan,Altima,2019,59808,Good,20009.7,False,False,True,medium
838,Nissan,Silverado,2014,33890,Excellent,26305.6,True,False,False,low
839,Nissan,F-150,2017,125049,Good,18747.45,False,False,True,high
840,Honda,Civic,2019,30687,Fair,21465.75,False,True,False,low
841,Nissan,Altima,2022,56155,Good,17192.15,False,False,True,low
842,Chevrolet,Altima,2014,49867,Excellent,25506.75,True,False,False,low
843,Toyota,Civic,2011,113560,Excellent,25322.0,True,False,False,high
844,Toyota,Civic,2022,46699,Good,17665.149999999998,False,False,True,low
845,Toyota,Altima,2010,81063,Excellent,27946.95,True,False,False,medium
846,Nissan,Camry,2013,41285,Excellent,26935.75,True,False,False,low
847,Chevrolet,Altima,2010,109321,Good,26534.05,False,False,True,high
848,Ford,Silverado,2021,75482,Excellent,17226.0,True,False,False,medium
849,Nissan,F-150,2018,75823,Good,20208.85,False,False,True,medium
850,Chevrolet,Civic,2012,15826,Excellent,29208.8,True,False,False,low
851,Honda,Civic,2011,112032,Excellent,25398.300000000003,True,False,False,high
852,Ford,Altima,2014,44172,Excellent,25791.5,True,False,False,low
853,Honda,F-150,2012,21025,Excellent,28948.65,True,False,False,low
854,Honda,Camry,2011,103575,Excellent,25821.35,True,False,False,high
855,Toyota,Civic,2011,53575,Good,28321.35,False,False,True,low
856,Toyota,Camry,2022,116465,Excellent,14176.85,True,False,False,high
857,Nissan,Civic,2010,37265,Fair,30136.75,False,True,False,low
858,Ford,Civic,2011,25277,Excellent,29736.15,True,False,False,low
859,Chevrolet,Silverado,2013,83668,Good,24816.7,False,False,True,medium
860,Honda,Civic,2014,10120,Excellent,27494.1,True,False,False,low
861,Nissan,Civic,2014,36447,Good,26177.75,False,False,True,low
862,Chevrolet,Camry,2018,96151,Excellent,19192.55,True,False,False,medium
863,Nissan,Silverado,2016,47829,Excellent,23608.65,True,False,False,low
864,Toyota,Camry,2010,145528,Excellent,24723.6,True,False,False,high
865,Nissan,Altima,2019,61278,Good,19936.1,False,False,True,medium
866,Nissan,Altima,2012,21770,Excellent,28911.4,True,False,False,low
867,Ford,Silverado,2013,49622,Excellent,26519.0,True,False,False,low
868,Nissan,Silverado,2013,82654,Excellent,24867.2,True,False,False,medium
869,Honda,Civic,2018,55849,Excellent,21207.65,True,False,False,low
870,Honda,Civic,2019,115299,Excellent,17235.05,True,False,False,high
871,Toyota,Camry,2012,29265,Excellent,28536.85,True,False,False,low
872,Nissan,Civic,2022,23865,Excellent,18806.85,True,False,False,low
873,Chevrolet,Civic,2019,84547,Excellent,18772.75,True,False,False,medium
874,Nissan,F-150,2013,97585,Excellent,24120.85,True,False,False,medium
875,Toyota,Civic,2015,22308,Fair,25884.5,False,True,False,low
876,Honda,Camry,2012,84092,Excellent,25795.5,True,False,False,medium
877,Toyota,Civic,2014,94561,Fair,23271.95,False,True,False,medium
878,Nissan,Altima,2021,84366,Excellent,16781.8,True,False,False,medium
879,Nissan,Altima,2021,126719,Excellent,14664.05,True,False,False,high
880,Honda,Silverado,2014,75393,Good,24230.35,False,False,True,medium
881,Toyota,F-150,2010,12923,Excellent,31353.95,True,False,False,low
882,Nissan,Altima,2012,43860,Excellent,27807.1,True,False,False,low
883,Nissan,Civic,2019,96715,Excellent,18164.35,True,False,False,medium
884,Chevrolet,Camry,2016,105787,Good,20710.65,False,False,True,high
885,Toyota,Silverado,2010,115209,Excellent,26239.65,True,False,False,high
886,Toyota,Altima,2020,46725,Excellent,19663.85,True,False,False,low
887,Nissan,Civic,2013,108600,Excellent,23570.0,True,False,False,high
888,Ford,Altima,2019,30151,Good,21492.45,False,False,True,low
889,Ford,Altima,2015,82459,Excellent,22876.95,True,False,False,medium
890,Chevrolet,Silverado,2010,22994,Good,30850.4,False,False,True,low
891,Ford,Altima,2012,114588,Good,24270.5,False,False,True,high
892,Ford,Civic,2012,138655,Good,23067.35,False,False,True,high
893,Ford,F-150,2021,26938,Excellent,19653.2,True,False,False,low
894,Ford,Camry,2022,60341,Excellent,16983.05,True,False,False,medium
895,Toyota,Altima,2014,117813,Excellent,22109.35,True,False,False,high
896,Ford,F-150,2012,32250,Excellent,28387.6,True,False,False,low
897,Honda,Camry,2020,75326,Excellent,18233.7,True,False,False,medium
898,Chevrolet,F-150,2013,44970,Good,26751.4,False,False,True,low
899,Nissan,Civic,2010,40889,Good,29955.55,False,False,True,low
900,Honda,Camry,2018,104690,Good,18765.5,False,False,True,high
901,Ford,Altima,2012,34266,Fair,28286.7,False,True,False,low
902,Toyota,F-150,2016,116714,Fair,20164.4,False,True,False,high
903,Honda,Camry,2010,61450,Excellent,28927.6,True,False,False,medium
904,Ford,F-150,2015,79970,Excellent,23001.4,True,False,False,medium
905,Chevrolet,F-150,2013,19440,Good,28028.0,False,False,True,low
906,Honda,Silverado,2010,94434,Excellent,27278.4,True,False,False,medium
907,Chevrolet,Altima,2018,86446,Fair,19677.8,False,True,False,medium
908,Chevrolet,Civic,2022,70874,Good,16456.399999999998,False,False,True,medium
909,Toyota,F-150,2019,140645,Excellent,15967.85,True,False,False,high
910,Chevrolet,Camry,2018,19475,Excellent,23026.35,True,False,False,low
911,Chevrolet,Altima,2012,126659,Excellent,23667.15,True,False,False,high
912,Toyota,Altima,2011,60733,Excellent,27963.45,True,False,False,medium
913,Chevrolet,Civic,2016,97889,Good,21105.55,False,False,True,medium
914,Ford,Camry,2010,54309,Excellent,29284.65,True,False,False,low
915,Ford,Camry,2012,135239,Excellent,23238.05,True,False,False,high
916,Ford,Silverado,2012,111072,Excellent,24446.5,True,False,False,high
917,Nissan,Civic,2018,97741,Excellent,19113.05,True,False,False,medium
918,Chevrolet,Civic,2020,95720,Excellent,17214.1,True,False,False,medium
919,Nissan,F-150,2011,41636,Fair,28918.2,False,True,False,low
920,Ford,Camry,2021,21971,Fair,19901.55,False,True,False,low
921,Honda,Silverado,2020,31688,Excellent,20415.7,True,False,False,low
922,Chevrolet,Altima,2013,70354,Excellent,25482.3,True,False,False,medium
923,Chevrolet,F-150,2018,101911,Good,18904.45,False,False,True,medium
924,Ford,Altima,2019,30538,Good,21473.2,False,False,True,low
925,Ford,Camry,2011,13052,Excellent,30347.4,True,False,False,low
926,Chevrolet,Altima,2011,38801,Excellent,29060.05,True,False,False,low
927,Chevrolet,Camry,2013,114013,Excellent,23299.35,True,False,False,high
928,Toyota,F-150,2021,110323,Good,15483.95,False,False,True,high
929,Ford,Civic,2016,74780,Excellent,22261.0,True,False,False,medium
930,Chevrolet,F-150,2018,68977,Fair,20551.25,False,True,False,medium
931,Honda,Camry,2017,24030,Excellent,23798.4,True,False,False,low
932,Chevrolet,Civic,2018,105608,Good,18719.7,False,False,True,high
933,Honda,Civic,2016,38708,Excellent,24064.7,True,False,False,low
934,Nissan,Altima,2018,136627,Excellent,17168.65,True,False,False,high
935,Honda,F-150,2017,77391,Good,21130.55,False,False,True,medium
936,Honda,F-150,2016,81032,Good,21948.5,False,False,True,medium
937,Ford,Altima,2022,42956,Excellent,17852.3,True,False,False,low
938,Honda,Altima,2011,137181,Fair,24141.05,False,True,False,high
939,Chevrolet,Silverado,2015,85619,Good,22719.05,False,False,True,medium
940,Ford,Silverado,2014,110014,Excellent,22499.3,True,False,False,high
941,Toyota,Camry,2022,121039,Good,13947.95,False,False,True,high
942,Nissan,F-150,2011,81738,Excellent,26913.0,True,False,False,medium
943,Chevrolet,Altima,2017,125611,Excellent,18719.55,True,False,False,high
944,Toyota,Camry,2010,88965,Excellent,27551.85,True,False,False,medium
945,Ford,Camry,2021,108001,Excellent,15600.05,True,False,False,high
946,Ford,Camry,2019,13201,Good,22340.05,False,False,True,low
947,Ford,Camry,2022,12737,Good,19363.25,False,False,True,low
948,Chevrolet,F-150,2014,93523,Excellent,23323.95,True,False,False,medium
949,Chevrolet,Altima,2018,56474,Excellent,21176.4,True,False,False,low
950,Chevrolet,Civic,2014,100753,Good,22962.45,False,False,True,medium
951,Nissan,Altima,2016,106614,Fair,20669.4,False,True,False,high
952,Chevrolet,Civic,2015,133193,Good,20340.25,False,False,True,high
953,Honda,Altima,2020,135632,Excellent,15218.5,True,False,False,high
954,Toyota,Civic,2013,49994,Excellent,26500.2,True,False,False,low
955,Toyota,Altima,2022,75254,Excellent,16237.4,True,False,False,medium
956,Ford,F-150,2013,134117,Excellent,22294.25,True,False,False,high
957,Toyota,Altima,2017,23845,Good,23807.85,False,False,True,low
958,Toyota,Silverado,2013,54943,Excellent,26252.95,True,False,False,low
959,Nissan,Camry,2015,19070,Good,26046.6,False,False,True,low
960,Ford,Silverado,2019,70356,Excellent,19482.3,True,False,False,medium
961,Nissan,Altima,2016,67134,Good,22643.4,False,False,True,medium
962,Chevrolet,F-150,2018,96149,Excellent,19192.65,True,False,False,medium
963,Ford,Camry,2015,16105,Excellent,26194.65,True,False,False,low
964,Ford,Civic,2016,12784,Excellent,25360.9,True,False,False,low
965,Ford,F-150,2012,94169,Excellent,25291.45,True,False,False,medium
966,Ford,Altima,2017,78336,Fair,21083.2,False,True,False,medium
967,Honda,Silverado,2017,125701,Good,18715.05,False,False,True,high
968,Toyota,Civic,2013,73364,Excellent,25331.8,True,False,False,medium
969,Chevrolet,Altima,2020,122285,Good,15885.75,False,False,True,high
970,Honda,Camry,2011,57068,Excellent,28146.6,True,False,False,medium
971,Nissan,F-150,2013,98891,Excellent,24055.45,True,False,False,medium
972,Toyota,Silverado,2010,70053,Excellent,28497.45,True,False,False,medium
973,Honda,F-150,2016,133334,Good,19333.3,False,False,True,high
974,Honda,Camry,2012,72053,Good,26397.35,False,False,True,medium
975,Chevrolet,Altima,2017,50986,Good,22450.8,False,False,True,low
976,Ford,Altima,2013,66767,Excellent,25661.65,True,False,False,medium
977,Chevrolet,Silverado,2010,127943,Excellent,25602.85,True,False,False,high
978,Ford,F-150,2017,89206,Excellent,20539.7,True,False,False,medium
979,Honda,Civic,2018,103726,Good,18813.8,False,False,True,high
980,Chevrolet,Camry,2021,130741,Fair,14462.95,False,True,False,high
981,Chevrolet,Altima,2015,74527,Excellent,23273.65,True,False,False,medium
982,Toyota,Altima,2014,107263,Excellent,22636.95,True,False,False,high
983,Toyota,Altima,2019,64217,Excellent,19789.25,True,False,False,medium
984,Toyota,F-150,2011,37478,Fair,29126.2,False,True,False,low
985,Nissan,Altima,2022,41167,Excellent,17941.75,True,False,False,low
986,Toyota,Altima,2018,27348,Excellent,22632.7,True,False,False,low
987,Nissan,Altima,2013,109094,Excellent,23545.4,True,False,False,high
988,Toyota,Camry,2012,136407,Excellent,23179.75,True,False,False,high
989,Chevrolet,Altima,2022,69882,Good,16505.800000000003,False,False,True,medium
990,Toyota,Camry,2014,127738,Excellent,21613.2,True,False,False,high
991,Toyota,F-150,2016,51451,Good,23427.55,False,False,True,low
992,Ford,Civic,2013,53898,Excellent,26305.1,True,False,False,low
993,Honda,Altima,2012,113390,Good,24330.6,False,False,True,high
994,Honda,Silverado,2015,50874,Excellent,24456.4,True,False,False,low
995,Nissan,Camry,2010,149032,Excellent,24548.5,True,False,False,high
996,Chevrolet,F-150,2014,20608,Excellent,26969.7,True,False,False,low
997,Ford,Altima,2016,109851,Good,20507.55,False,False,True,high
998,Toyota,Silverado,2010,11704,Good,31414.9,False,False,True,low
999,Nissan,Silverado,2017,128390,Excellent,18580.6,True,False,False,high
